"","program","description","costA","ward","year","cost","costB"
"1","Arterial Street Bump Outs Menu ","$35,806.00","$35,806.00","3",2025,35806,NA
"2","Pavement Markings Menu ","E PERSHING RD & S RHODES AVE","$2,500.00","3",2025,2500,NA
"3","Street Bump Outs Menu ","E 44TH ST & S PRAIRIE AVE","$30,000.00","3",2025,30000,NA
"4","Street Speed Hump Menu ","ON E 44TH ST FROM S WABASH AVE (50 E) TO S DR MARTIN LUTHER KING JR DR (380 E)","$12,200.00","3",2025,12200,NA
"5","Street Resurfacing Menu ","ON S WOODLAWN AVE FROM E 49TH ST (4900 S) TO E 50TH ST (5000 S)","$94,984.25","4",2025,94984.25,NA
"6","Street Bump Outs Menu ","S CORNELL AVE & E 50TH ST","$16,127.80","5",2025,16127.8,NA
"7","Street Resurfacing Menu ","ON S GREENWOOD AVE FROM E 71ST ST (7100 S) TO E 72ND ST (7200 S)","$57,561.38","5",2025,57561.38,NA
"8","Street Resurfacing Menu ","ON S UNIVERSITY AVE FROM E 71ST ST (7100 S) TO E 73RD ST (7300 S)","$155,263.21","5",2025,155263.21,NA
"9","Street Cul-de-Sac Menu ","ON S DR MARTIN LUTHER KING JR DR FROM E 81ST ST (8100 S) TO E 85TH ST (8500 S)","$250,000.00","6",2025,250000,NA
"10","Walking track at Cole Park","361 E 85TH ST","$100,000.00","6",2025,100000,NA
"11","Street Light Upgrade Menu ","E 77TH ST & S LUELLA AVE&S CRANDON AVE & E 78TH ST; 7700 S CRANDON AVE","$500.00","7",2025,500,NA
"12","Street Light Upgrade Menu ","E 77TH ST & S OGLESBY AVE&S CRANDON AVE & E 78TH ST; 7701 S CRANDON AVE","$500.00","7",2025,500,NA
"13","Street Resurfacing Menu ","ON S CRANDON AVE FROM E 80TH ST (8000 S) TO E 81ST ST (8100 S)","$46,940.44","7",2025,46940.44,NA
"14","Street Resurfacing Menu ","ON S CRANDON AVE FROM E 83RD ST (8300 S) TO E 84TH ST (8400 S)","$59,157.76","7",2025,59157.76,NA
"15","Street Resurfacing Menu ","ON S HOUSTON AVE FROM E 81ST ST (8100 S) TO E 82ND ST (8200 S)","$56,513.06","7",2025,56513.06,NA
"16","Grand Crossing Park Improvements","7655 S INGLESIDE AVE","$50,000.00","8",2025,50000,NA
"17","Jesse Owens Park Improvements","8800 S CLYDE AVE","$50,000.00","8",2025,50000,NA
"18","Sidewalk Menu ","ON S CORLISS AVE FROM S DOTY AVE W (11110 S) TO E 112TH ST (11200 S)","$2,562.20","9",2025,2562.2,NA
"19","Street Resurfacing Menu ","ON S CORLISS AVE FROM S DOTY AVE W (11110 S) TO E 112TH ST (11200 S)","$36,875.53","9",2025,36875.53,NA
"20","Street Speed Hump Menu ","ON E 131ST ST FROM S BURLEY AVE (3230 E) TO S BUFFALO AVE (3300 E)","$2,440.00","10",2025,2440,NA
"21","Street Speed Hump Menu ","ON S GREEN BAY AVE FROM E 105TH ST (10500 S) TO E 106TH ST (10600 S)","$4,880.00","10",2025,4880,NA
"22","Pedestrian Refuge Island Menu ","ON S CANAL ST FROM 2210 S TO S ARCHER AVE (2300 S)","$50,000.00","11",2025,50000,NA
"23","Street Cul-de-Sac Menu ","W 23RD ST & S CANAL ST","$90,000.00","11",2025,90000,NA
"24","Alley Speed Hump Menu ","S KILBOURN AVE & W 58TH ST&W 59TH ST & S KENNETH AVE; 5819 S KILBOURN AVE","$3,625.00","13",2025,3625,NA
"25","Curb & Gutter Menu ","5702 S KEELER AVE","$3,991.93","13",2025,3991.93,NA
"26","Curb & Gutter Menu ","5736 S KENNETH AVE","$5,624.01","13",2025,5624.01,NA
"27","Curb & Gutter Menu ","5746 S MERRIMAC AVE","$5,628.59","13",2025,5628.59,NA
"28","Curb & Gutter Menu ","5834 S NOTTINGHAM AVE; 5805 S NOTTINGHAM AVE","$10,768.38","13",2025,10768.38,NA
"29","Curb & Gutter Menu ","6105 S MCVICKER AVE; 6148 S MCVICKER AVE","$18,229.36","13",2025,18229.36,NA
"30","Curb & Gutter Menu ","6155 S MOODY AVE; 6128 S MOODY AVE","$8,275.16","13",2025,8275.16,NA
"31","Curb & Gutter Menu ","6159 S MONITOR AVE","$11,482.98","13",2025,11482.98,NA
"32","Curb & Gutter Menu ","6243 S KOLMAR AVE","$3,213.93","13",2025,3213.93,NA
"33","Curb & Gutter Menu ","6245 S RUTHERFORD AVE","$5,790.43","13",2025,5790.43,NA
"34","Curb & Gutter Menu ","6504 W 60TH ST","$9,359.70","13",2025,9359.7,NA
"35","Curb & Gutter Menu ","6842 W 64TH PL; 6846 W 64TH PL","$13,741.20","13",2025,13741.2,NA
"36","Curb & Gutter Menu ","7055 W 64TH ST","$4,822.03","13",2025,4822.03,NA
"37","Floodlight Menu ","5813-5817 S NASHVILLE AVE","$1,150.00","13",2025,1150,NA
"38","Floodlight Menu ","5857 S MASSASOIT AVE","$1,150.00","13",2025,1150,NA
"39","Floodlight Menu ","6158 S MOODY AVE","$1,150.00","13",2025,1150,NA
"40","Sidewalk Menu ","4249 W 59TH ST","$4,174.28","13",2025,4174.28,NA
"41","Sidewalk Menu ","4538 W 64TH PL","$10,662.31","13",2025,10662.31,NA
"42","Sidewalk Menu ","4543 W 64TH ST","$8,987.81","13",2025,8987.81,NA
"43","Sidewalk Menu ","5111 W 63RD PL","$2,204.16","13",2025,2204.16,NA
"44","Sidewalk Menu ","5524 S KARLOV AVE","$3,462.57","13",2025,3462.57,NA
"45","Sidewalk Menu ","5531 S NEW ENGLAND AVE; 5549 S NEW ENGLAND AVE","$7,299.99","13",2025,7299.99,NA
"46","Sidewalk Menu ","5540 S MERRIMAC AVE","$15,557.44","13",2025,15557.44,NA
"47","Sidewalk Menu ","5544 S RUTHERFORD AVE","$8,696.24","13",2025,8696.24,NA
"48","Sidewalk Menu ","5550 S NEWLAND AVE","$3,202.89","13",2025,3202.89,NA
"49","Sidewalk Menu ","5550 S TRIPP AVE","$832.22","13",2025,832.22,NA
"50","Sidewalk Menu ","5600 S NASHVILLE AVE","$10,657.32","13",2025,10657.32,NA
"51","Sidewalk Menu ","5601 S MOODY AVE; 5616 S MOODY AVE","$2,615.82","13",2025,2615.82,NA
"52","Sidewalk Menu ","5604 S SAYRE AVE","$6,551.67","13",2025,6551.67,NA
"53","Sidewalk Menu ","5612 S MASON AVE","$8,168.35","13",2025,8168.35,NA
"54","Sidewalk Menu ","5633 S NATOMA AVE; 5649 S NATOMA AVE","$14,231.10","13",2025,14231.1,NA
"55","Sidewalk Menu ","5643 S MEADE AVE; 5616 S MEADE AVE","$19,107.63","13",2025,19107.63,NA
"56","Sidewalk Menu ","5658 S NOTTINGHAM AVE","$15,938.51","13",2025,15938.51,NA
"57","Sidewalk Menu ","5700 W 63RD PL","$2,955.39","13",2025,2955.39,NA
"58","Sidewalk Menu ","5708 S NEENAH AVE","$1,268.85","13",2025,1268.85,NA
"59","Sidewalk Menu ","5713 S MOODY AVE; 5736 S MOODY AVE","$14,712.74","13",2025,14712.74,NA
"60","Sidewalk Menu ","5724 S MERRIMAC AVE","$3,064.34","13",2025,3064.34,NA
"61","Sidewalk Menu ","5751 S NASHVILLE AVE","$2,945.93","13",2025,2945.93,NA
"62","Sidewalk Menu ","5754 W 59TH ST; 5746 W 59TH ST","$17,431.92","13",2025,17431.92,NA
"63","Sidewalk Menu ","5755 W 55TH ST","$3,557.88","13",2025,3557.88,NA
"64","Sidewalk Menu ","5759 W 63RD PL","$15,376.17","13",2025,15376.17,NA
"65","Sidewalk Menu ","5805 S NORDICA AVE","$2,931.18","13",2025,2931.18,NA
"66","Sidewalk Menu ","5818 S MERRIMAC AVE","$4,029.58","13",2025,4029.58,NA
"67","Sidewalk Menu ","5818 S NEWLAND AVE","$13,111.42","13",2025,13111.42,NA
"68","Sidewalk Menu ","5819 S AUSTIN AVE","$3,767.03","13",2025,3767.03,NA
"69","Sidewalk Menu ","5920 S MOBILE AVE; 5914-5922 S MOBILE AVE","$11,882.48","13",2025,11882.48,NA
"70","Sidewalk Menu ","5924 S KEELER AVE","$5,469.96","13",2025,5469.96,NA
"71","Sidewalk Menu ","5949 S NATOMA AVE","$4,697.04","13",2025,4697.04,NA
"72","Sidewalk Menu ","6005 S NORMANDY AVE","$5,978.72","13",2025,5978.72,NA
"73","Sidewalk Menu ","6012 S MASON AVE","$5,767.47","13",2025,5767.47,NA
"74","Sidewalk Menu ","6024 S MULLIGAN AVE; 6034 S MULLIGAN AVE","$16,591.57","13",2025,16591.57,NA
"75","Sidewalk Menu ","6027 S TRIPP AVE; 6022 S TRIPP AVE","$20,842.12","13",2025,20842.12,NA
"76","Sidewalk Menu ","6036 S NATOMA AVE; 6042 S NATOMA AVE; 6050 S NATOMA AVE","$35,557.45","13",2025,35557.45,NA
"77","Sidewalk Menu ","6046 S KILPATRICK AVE","$6,656.06","13",2025,6656.06,NA
"78","Sidewalk Menu ","6046 S MAYFIELD AVE","$5,335.29","13",2025,5335.29,NA
"79","Sidewalk Menu ","6105 S KEELER AVE","$3,277.37","13",2025,3277.37,NA
"80","Sidewalk Menu ","6108 S RUTHERFORD AVE; 6144 S RUTHERFORD AVE","$4,963.35","13",2025,4963.35,NA
"81","Sidewalk Menu ","6113 S NAGLE AVE","$4,420.84","13",2025,4420.84,NA
"82","Sidewalk Menu ","6115 S KILDARE AVE","$4,374.23","13",2025,4374.23,NA
"83","Sidewalk Menu ","6126 S TRIPP AVE","$3,935.94","13",2025,3935.94,NA
"84","Sidewalk Menu ","6134 S KEELER AVE","$620.89","13",2025,620.89,NA
"85","Sidewalk Menu ","6138 W 60TH ST","$746.53","13",2025,746.53,NA
"86","Sidewalk Menu ","6152 W 59TH ST; 6125 W 59TH ST","$29,731.73","13",2025,29731.73,NA
"87","Sidewalk Menu ","6200 S KEDVALE AVE; W 62ND ST & S KEDVALE AVE","$9,458.61","13",2025,9458.61,NA
"88","Sidewalk Menu ","6200 S TRIPP AVE; W 62ND ST & S TRIPP AVE","$10,462.81","13",2025,10462.81,NA
"89","Sidewalk Menu ","6208 S NEENAH AVE","$4,622.46","13",2025,4622.46,NA
"90","Sidewalk Menu ","6210 S MCVICKER AVE; 6238 S MCVICKER AVE","$15,047.15","13",2025,15047.15,NA
"91","Sidewalk Menu ","6214 W 63RD PL","$6,241.95","13",2025,6241.95,NA
"92","Sidewalk Menu ","6217 W 55TH ST","$8,936.53","13",2025,8936.53,NA
"93","Sidewalk Menu ","6219 S MENARD AVE","$5,236.07","13",2025,5236.07,NA
"94","Sidewalk Menu ","6219 S NAGLE AVE","$8,212.17","13",2025,8212.17,NA
"95","Sidewalk Menu ","6221 S NATCHEZ AVE","$13,682.93","13",2025,13682.93,NA
"96","Sidewalk Menu ","6226 W 59TH ST; S MERRIMAC AVE & W 59TH ST","$10,318.23","13",2025,10318.23,NA
"97","Sidewalk Menu ","6243 S NASHVILLE AVE; 6245 S NASHVILLE AVE","$2,266.39","13",2025,2266.39,NA
"98","Sidewalk Menu ","6250 W 60TH ST","$13,035.86","13",2025,13035.86,NA
"99","Sidewalk Menu ","6258 W 64TH ST","$5,621.78","13",2025,5621.78,NA
"100","Sidewalk Menu ","6331 S KILDARE AVE; 6336 S KILDARE AVE","$16,418.71","13",2025,16418.71,NA
"101","Sidewalk Menu ","6346 S KEDVALE AVE","$10,526.96","13",2025,10526.96,NA
"102","Sidewalk Menu ","6354 S KARLOV AVE","$3,900.87","13",2025,3900.87,NA
"103","Sidewalk Menu ","6358 S TRIPP AVE","$1,304.58","13",2025,1304.58,NA
"104","Sidewalk Menu ","6400 S KILDARE AVE; W 64TH ST & S KILDARE AVE","$5,237.74","13",2025,5237.74,NA
"105","Sidewalk Menu ","6407 S KARLOV AVE; 6441 S KARLOV AVE","$8,503.78","13",2025,8503.78,NA
"106","Sidewalk Menu ","6449 S TRIPP AVE","$2,577.76","13",2025,2577.76,NA
"107","Sidewalk Menu ","6459 W 63RD PL","$4,266.80","13",2025,4266.8,NA
"108","Sidewalk Menu ","6500 W 63RD PL; S NATCHEZ AVE & W 63RD PL","$4,482.21","13",2025,4482.21,NA
"109","Sidewalk Menu ","6516 W 61ST ST","$2,731.64","13",2025,2731.64,NA
"110","Sidewalk Menu ","6532 S KNOX AVE","$5,709.43","13",2025,5709.43,NA
"111","Sidewalk Menu ","6536 W 61ST ST","$12,724.16","13",2025,12724.16,NA
"112","Sidewalk Menu ","6641 S KEDVALE AVE","$3,924.39","13",2025,3924.39,NA
"113","Sidewalk Menu ","6716 W 63RD PL","$4,966.74","13",2025,4966.74,NA
"114","Sidewalk Menu ","6732 W 64TH ST","$6,877.37","13",2025,6877.37,NA
"115","Sidewalk Menu ","7111 W 63RD PL","$2,305.47","13",2025,2305.47,NA
"116","Street Light Upgrade Menu ","4021 W 58TH PL; 4045 W 58TH PL","$1,000.00","13",2025,1000,NA
"117","Street Light Upgrade Menu ","4619 W 63RD ST; 4625 W 63RD ST","$1,000.00","13",2025,1000,NA
"118","Street Light Upgrade Menu ","5543 W 64TH PL","$500.00","13",2025,500,NA
"119","Street Light Upgrade Menu ","5759 W 55TH ST","$500.00","13",2025,500,NA
"120","Street Light Upgrade Menu ","6040 S KOMENSKY AVE","$500.00","13",2025,500,NA
"121","Street Light Upgrade Menu ","6252 W 63RD ST; 6324 W 63RD ST; 6232 W 63RD ST; 6300 W 63RD ST","$2,000.00","13",2025,2000,NA
"122","Street Light Upgrade Menu ","6400 S LAPORTE AVE","$500.00","13",2025,500,NA
"123","Street Resurfacing Menu ","ON S KILDARE AVE FROM W 56TH ST (5600 S) TO W 57TH ST (5700 S)","$56,898.57","13",2025,56898.57,NA
"124","Street Resurfacing Menu ","ON S KILDARE AVE FROM W 66TH ST (6600 S) TO W MARQUETTE RD (6700 S)","$61,749.35","13",2025,61749.35,NA
"125","Street Resurfacing Menu ","ON S NEWCASTLE AVE FROM W 57TH ST (5700 S) TO W 59TH ST (5899 S)","$105,451.37","13",2025,105451.37,NA
"126","Street Resurfacing Menu ","ON S NEW ENGLAND AVE FROM W 56TH ST (5600 S) TO W 57TH ST (5700 S)","$54,638.03","13",2025,54638.03,NA
"127","Street Resurfacing Menu ","ON S NORDICA AVE FROM W ARCHER AVE (5500 S) TO W 56TH ST (5600 S)","$53,400.95","13",2025,53400.95,NA
"128","Street Resurfacing Menu ","ON S NOTTINGHAM AVE FROM W 58TH ST (5800 S) TO W 59TH ST (5899 S)","$55,045.08","13",2025,55045.08,NA
"129","Street Resurfacing Menu ","ON S RUTHERFORD AVE FROM W ARCHER AVE (5500 S) TO W 56TH ST (5600 S)","$58,002.44","13",2025,58002.44,NA
"130","Street Speed Hump Menu ","ON S LINDER AVE FROM W 64TH PL (6430 S) TO W 65TH ST (6500 S)","$2,440.00","13",2025,2440,NA
"131","West Lawn Little League Park District Construction","6336 S KILBOURN AVE","$200,000.00","13",2025,200000,NA
"132","Street Resurfacing Menu ","ON S MAPLEWOOD AVE FROM W 52ND ST (5200 S) TO W 53RD ST (5300 S)","$58,712.93","14",2025,58712.93,NA
"133","Street Speed Hump Menu ","ON S MAPLEWOOD AVE FROM W 52ND ST (5200 S) TO W 53RD ST (5300 S)","$4,880.00","14",2025,4880,NA
"134","Alley Resurfacing Menu ","S SACRAMENTO AVE & W 66TH ST&W MARQUETTE RD & S WHIPPLE ST","$28,372.23","15",2025,28372.23,NA
"135","Alley Resurfacing Menu ","W 47TH ST & S HONORE ST&S WOLCOTT AVE & W 48TH ST; 1841 W 47TH ST","$59,987.50","15",2025,59987.5,NA
"136","Alley Resurfacing Menu ","W 54TH ST & S MAPLEWOOD AVE&S ROCKWELL ST & W 55TH ST","$47,888.79","15",2025,47888.79,NA
"137","Bollard Menu ","4501 S WALLACE ST","$1,455.73","15",2025,1455.73,NA
"138","Sidewalk Menu ","5658 S CAMPBELL AVE","$14,946.01","15",2025,14946.01,NA
"139","Sidewalk Menu ","5700 S MOZART ST","$18,393.30","15",2025,18393.3,NA
"140","Street Light Residential Staggered Piggy Back Menu ","ON S MOZART ST FROM W 65TH ST (6500 S) TO W MARQUETTE RD (6700 S)","$370,000.00","15",2025,370000,NA
"141","Sidewalk Menu ","6904 S TALMAN AVE","$16,732.93","17",2025,16732.93,NA
"142","Sidewalk Menu ","7700 S ABERDEEN ST","$190,000.00","17",2025,190000,NA
"143","Sidewalk Menu ","8100 S MORGAN ST","$583.53","17",2025,583.53,NA
"144","Street Resurfacing Menu ","ON S ELIZABETH ST FROM W 86TH ST (8600 S) TO W 87TH ST (8700 S)","$53,952.97","17",2025,53952.97,NA
"145","Street Resurfacing Menu ","ON S EMERALD AVE FROM W 74TH ST (7400 S) TO W 76TH ST (7600 S)","$100,254.73","17",2025,100254.73,NA
"146","Street Resurfacing Menu ","ON S HERMITAGE AVE FROM W 68TH ST (6800 S) TO W 69TH ST (6900 S)","$56,068.48","17",2025,56068.48,NA
"147","Street Resurfacing Menu ","ON S HERMITAGE AVE FROM W 72ND ST (7200 S) TO W 73RD ST (7300 S)","$56,417.02","17",2025,56417.02,NA
"148","Street Resurfacing Menu ","ON S LAFLIN ST FROM W 69TH ST (6900 S) TO W 71ST ST (7100 S)","$113,068.92","17",2025,113068.92,NA
"149","Street Resurfacing Menu ","ON S PAULINA ST FROM W 72ND ST (7200 S) TO W 73RD ST (7300 S)","$53,489.03","17",2025,53489.03,NA
"150","Street Resurfacing Menu ","ON S PAULINA ST FROM W 81ST ST (8100 S) TO W 82ND ST (8200 S)","$53,964.41","17",2025,53964.41,NA
"151","Street Resurfacing Menu ","ON S SPAULDING AVE FROM W 72ND ST (7200 S) TO W 73RD ST (7300 S)","$53,434.29","17",2025,53434.29,NA
"152","Street Resurfacing Menu ","ON S THROOP ST FROM W 70TH ST (7000 S) TO W 71ST ST (7100 S)","$60,193.30","17",2025,60193.3,NA
"153","Street Resurfacing Menu ","ON S THROOP ST FROM W MARQUETTE RD (6700 S) TO W 68TH ST (6800 S)","$67,740.58","17",2025,67740.58,NA
"154","Street Resurfacing Menu ","ON S WALLACE ST FROM W 76TH ST (7600 S) TO W 79TH ST (7900 S)","$126,199.23","17",2025,126199.23,NA
"155","Curb & Gutter Menu ","8055 S TALMAN AVE","$7,220.05","18",2025,7220.05,NA
"156","Sidewalk Menu ","3601 W 86TH ST","$2,649.10","18",2025,2649.1,NA
"157","Sidewalk Menu ","3626 W 81ST PL","$4,407.55","18",2025,4407.55,NA
"158","Sidewalk Menu ","3642 W 80TH ST","$4,664.73","18",2025,4664.73,NA
"159","Sidewalk Menu ","3845 W 82ND ST","$8,239.66","18",2025,8239.66,NA
"160","Sidewalk Menu ","3939 W 85TH PL","$6,329.21","18",2025,6329.21,NA
"161","Sidewalk Menu ","ON S CHRISTIANA AVE FROM W 81ST ST (8100 S) TO W 82ND ST (8200 S)","$60,180.80","18",2025,60180.8,NA
"162","Sidewalk Menu ","ON W 79TH PL FROM S CENTRAL PARK AVE (3600 W) TO S LAWNDALE AVE (3700 W)","$160,940.80","18",2025,160940.8,NA
"163","Street Cul-de-Sac Menu ","S KILBOURN AVE & W 87TH ST; 8642 S KILBOURN AVE","$44,952.25","18",2025,44952.25,NA
"164","Street Resurfacing Menu ","ON S HAMILTON AVE FROM 8425 S TO W 84TH ST (8400 S)","$41,683.49","18",2025,41683.49,NA
"165","Street Resurfacing Menu ","ON S PAULINA ST FROM W 88TH ST (8800 S) TO W 89TH ST (8900 S)","$71,825.64","18",2025,71825.64,NA
"166","Street Resurfacing Menu ","ON W 77TH PL FROM S RIDGEWAY AVE (3750 W) TO S HAMLIN AVE (3800 W)","$45,256.40","18",2025,45256.4,NA
"167","Street Resurfacing Menu ","ON W 79TH PL FROM S OAKLEY AVE (2300 W) TO S WESTERN AVE (2400 W)","$50,846.68","18",2025,50846.68,NA
"168","Street Resurfacing Menu ","ON W 80TH PL FROM S OAKLEY AVE (2300 W) TO S WESTERN AVE (2400 W)","$53,870.70","18",2025,53870.7,NA
"169","Street Resurfacing Menu ","ON W 81ST ST FROM 2216 W TO S OAKLEY AVE (2300 W)","$38,431.59","18",2025,38431.59,NA
"170","Street Resurfacing Menu ","ON W 82ND ST FROM S FRANCISCO AVE (2900 W) TO S RICHMOND ST (2930 W)","$29,086.89","18",2025,29086.89,NA
"171","Street Resurfacing Menu ","ON W 84TH PL FROM S HOMAN AVE (3400 W) TO S ST LOUIS AVE (3500 W)","$53,434.29","18",2025,53434.29,NA
"172","Street Speed Hump Menu ","ON S LAWNDALE AVE FROM W 84TH ST (8400 S) TO W 85TH ST (8500 S)","$4,880.00","18",2025,4880,NA
"173","Street Speed Hump Menu ","ON S ROCKWELL ST FROM W 72ND ST (7200 S) TO W 73RD ST (7300 S)","$4,880.00","18",2025,4880,NA
"174","Bollard Menu ","S MALTA ST & W 100TH PL","$1,923.73","19",2025,1923.73,NA
"175","Street Bump Outs Menu ","S WALDEN PKWY & W 101ST ST","$3,452.27","19",2025,3452.27,NA
"176","Diagonal Parking Menu ","ON W 108TH ST FROM S EMERALD AVE (730 W) TO S HALSTED ST (800 W)","$90,000.00","21",2025,90000,NA
"177","Street Resurfacing Menu ","ON S ADA ST FROM 11255 S TO W 112TH PL (11240 S)","$17,916.98","21",2025,17916.98,NA
"178","Street Resurfacing Menu ","ON S CARPENTER ST FROM W 87TH ST (8700 S) TO W 89TH ST (8900 S)","$98,442.75","21",2025,98442.75,NA
"179","Street Resurfacing Menu ","ON S JUSTINE ST FROM W 115TH ST (11500 S) TO W 116TH ST (11600 S)","$58,335.69","21",2025,58335.69,NA
"180","Street Resurfacing Menu ","ON S LAFLIN ST FROM W 114TH PL (11430 S) TO W 115TH ST (11500 S)","$25,526.85","21",2025,25526.85,NA
"181","Street Resurfacing Menu ","ON S LAFLIN ST FROM W 115TH ST (11500 S) TO W 116TH ST (11600 S)","$57,873.90","21",2025,57873.9,NA
"182","Street Resurfacing Menu ","ON S LOOMIS ST FROM W 112TH ST (11200 S) TO W 112TH PL (11240 S)","$34,676.52","21",2025,34676.52,NA
"183","Street Resurfacing Menu ","ON S MORGAN ST FROM W 105TH ST (10500 S) TO W 106TH ST (10600 S)","$59,547.32","21",2025,59547.32,NA
"184","Street Resurfacing Menu ","ON S MORGAN ST FROM W 87TH ST (8700 S) TO W 89TH ST (8900 S)","$111,362.86","21",2025,111362.86,NA
"185","Street Resurfacing Menu ","ON S PEORIA ST FROM W 100TH ST (10000 S) TO W 101ST ST (10100 S)","$58,813.40","21",2025,58813.4,NA
"186","Street Resurfacing Menu ","ON S PEORIA ST FROM W 87TH ST (8700 S) TO S VINCENNES AVE (8800 S)","$47,601.21","21",2025,47601.21,NA
"187","Street Resurfacing Menu ","ON S RACINE AVE FROM W 117TH ST (11700 S) TO W 118TH ST (11800 S)","$58,747.54","21",2025,58747.54,NA
"188","Street Resurfacing Menu ","ON S THROOP ST FROM W 90TH ST (9000 S) TO W 91ST ST (9100 S)","$69,669.76","21",2025,69669.76,NA
"189","Street Resurfacing Menu ","ON W 108TH ST FROM S SANGAMON ST (930 W) TO S BEVERLY AVE (1100 W)","$136,521.81","21",2025,136521.81,NA
"190","Street Resurfacing Menu ","ON W 113TH PL FROM S MORGAN ST (1000 W) TO S ABERDEEN ST (1100 W)","$49,345.22","21",2025,49345.22,NA
"191","Street Resurfacing Menu ","ON W 114TH PL FROM 1565 W TO S LAFLIN ST (1500 W)","$35,428.99","21",2025,35428.99,NA
"192","Arterial Street Bump Outs Menu ","W CERMAK RD & S KENNETH AVE","$13,829.80","22",2025,13829.8,NA
"193","Pedestrian Refuge Island Menu ","3350 S KEDZIE AVE","$185.29","22",2025,185.29,NA
"194","Pavement Markings Menu ","S ARCHER AVE & S LARAMIE AVE","$5,921.34","23",2025,5921.34,NA
"195","Street Bump Outs Menu ","5100-5101 S MEADE AVE; W 51ST ST & S MEADE AVE","$22,724.11","23",2025,22724.11,NA
"196","Street Resurfacing Menu ","ON S KILBOURN AVE FROM W ROOSEVELT RD (1200 S) TO W 14TH ST (1400 S)","$37,209.70","24",2025,37209.7,NA
"197","Alley Resurfacing Menu ","W 18TH PL & S HOYNE AVE&S DAMEN AVE & W 19TH ST","$29,935.46","25",2025,29935.46,NA
"198","New electric slide gate system for Fink Elementary","2332 S WESTERN AVE","$52,000.00","25",2025,52000,NA
"199","Street Light Piggy Back Only Menu ","ON W 23RD PL FROM S ROCKWELL ST (2600 W) TO S CALIFORNIA AVE (2800 W)","$12,600.00","25",2025,12600,NA
"200","Street Light Upgrade Menu ","ON W CULLERTON ST FROM S ROCKWELL ST (2600 W) TO S WASHTENAW AVE (2700 W)","$5,600.00","25",2025,5600,NA
"201","Alley Apron Menu ","1000 N MOZART ST","$88,357.81","26",2025,88357.81,NA
"202","Alley Resurfacing Menu ","N HARDING AVE & W WABANSIA AVE&W NORTH AVE & N SPRINGFIELD AVE","$29,754.86","26",2025,29754.86,NA
"203","Alley Resurfacing Menu ","N KILBOURN AVE & W PALMER ST&W DICKENS AVE & N KENNETH AVE","$42,823.44","26",2025,42823.44,NA
"204","Alley Resurfacing Menu ","N LAPORTE AVE & W PALMER ST&W DICKENS AVE & N LAVERGNE AVE","$41,665.83","26",2025,41665.83,NA
"205","Alley Resurfacing Menu ","N LATROBE AVE & W BELDEN AVE&W PALMER ST & N LARAMIE AVE","$25,616.51","26",2025,25616.51,NA
"206","Alley Resurfacing Menu ","$59,105.68","$59,105.68","26",2025,59105.68,NA
"207","Alley Resurfacing Menu ","N MOZART ST & W WABANSIA AVE&W BLOOMINGDALE AVE & N FRANCISCO AVE","$26,864.50","26",2025,26864.5,NA
"208","Alley Resurfacing Menu ","N SPAULDING AVE & W BEACH AVE&W HIRSCH ST & N HOMAN AVE","$43,332.14","26",2025,43332.14,NA
"209","Alley Resurfacing Menu ","N WASHTENAW AVE & W LE MOYNE ST&W HIRSCH ST & N FAIRFIELD AVE","$33,125.34","26",2025,33125.34,NA
"210","Alley Resurfacing Menu ","W CORTEZ ST & N SACRAMENTO AVE&N RICHMOND ST & W AUGUSTA BLVD","$19,590.92","26",2025,19590.92,NA
"211","Sidewalk Menu ","1020 N FRANCISCO AVE","$4,251.47","26",2025,4251.47,NA
"212","Sidewalk Menu ","1020 N MOZART ST","$5,571.02","26",2025,5571.02,NA
"213","Sidewalk Menu ","1113 N MOZART ST","$4,395.16","26",2025,4395.16,NA
"214","Sidewalk Menu ","1118 N CHRISTIANA AVE","$1,624.46","26",2025,1624.46,NA
"215","Sidewalk Menu ","1219 N CAMPBELL AVE","$6,088.66","26",2025,6088.66,NA
"216","Sidewalk Menu ","1223 N CAMPBELL AVE","$6,396.50","26",2025,6396.5,NA
"217","Sidewalk Menu ","1249 N ARTESIAN AVE","$4,448.35","26",2025,4448.35,NA
"218","Sidewalk Menu ","1317 N ROCKWELL ST","$3,824.30","26",2025,3824.3,NA
"219","Sidewalk Menu ","1329 N LAWNDALE AVE","$5,887.44","26",2025,5887.44,NA
"220","Sidewalk Menu ","1411 N CALIFORNIA AVE","$1,928.56","26",2025,1928.56,NA
"221","Sidewalk Menu ","1412 N KEDZIE AVE","$5,924.45","26",2025,5924.45,NA
"222","Sidewalk Menu ","1438 N LAWNDALE AVE","$1,831.45","26",2025,1831.45,NA
"223","Sidewalk Menu ","1508 N KEDZIE AVE","$6,327.30","26",2025,6327.3,NA
"224","Sidewalk Menu ","1650 N RICHMOND ST","$9,068.61","26",2025,9068.61,NA
"225","Sidewalk Menu ","1652 N ROCKWELL ST","$10,234.51","26",2025,10234.51,NA
"226","Sidewalk Menu ","1808 N KEYSTONE AVE","$5,630.31","26",2025,5630.31,NA
"227","Sidewalk Menu ","1828 N DRAKE AVE","$3,320.88","26",2025,3320.88,NA
"228","Sidewalk Menu ","1907 N KILBOURN AVE","$2,675.99","26",2025,2675.99,NA
"229","Sidewalk Menu ","1927 N KILBOURN AVE","$8,013.19","26",2025,8013.19,NA
"230","Sidewalk Menu ","1941 N KEDVALE AVE","$6,377.59","26",2025,6377.59,NA
"231","Sidewalk Menu ","2014 N KILBOURN AVE","$6,478.09","26",2025,6478.09,NA
"232","Sidewalk Menu ","2027 N KEYSTONE AVE","$6,287.41","26",2025,6287.41,NA
"233","Sidewalk Menu ","2039 N KEYSTONE AVE","$6,408.50","26",2025,6408.5,NA
"234","Sidewalk Menu ","2124 N LEAMINGTON AVE","$3,846.43","26",2025,3846.43,NA
"235","Sidewalk Menu ","2230 N KILPATRICK AVE","$6,506.15","26",2025,6506.15,NA
"236","Sidewalk Menu ","2235 N KILPATRICK AVE","$9,654.57","26",2025,9654.57,NA
"237","Sidewalk Menu ","2835 W DIVISION ST","$9,183.52","26",2025,9183.52,NA
"238","Sidewalk Menu ","3234 W LE MOYNE ST","$5,375.36","26",2025,5375.36,NA
"239","Sidewalk Menu ","3432 W PIERCE AVE","$1,677.96","26",2025,1677.96,NA
"240","Sidewalk Menu ","4610 W MCLEAN AVE","$1,854.03","26",2025,1854.03,NA
"241","Sidewalk Menu ","4648 W MCLEAN AVE","$12,229.07","26",2025,12229.07,NA
"242","Street Resurfacing Menu ","ON N KILBOURN AVE FROM 1800 N TO W CORTLAND ST (1900 N)","$24,947.69","26",2025,24947.69,NA
"243","Street Resurfacing Menu ","ON N LECLAIRE AVE FROM W PALMER ST (2200 N) TO W BELDEN AVE (2300 N)","$64,624.10","26",2025,64624.1,NA
"244","Street Traffic Circle Menu ","N FRANCISCO AVE & W WABANSIA AVE","$22,109.18","26",2025,22109.18,NA
"245","Street Traffic Circle Menu ","W HIRSCH ST & N LAWNDALE AVE","$19,310.11","26",2025,19310.11,NA
"246","Street Traffic Circle Menu ","W HIRSCH ST & N ST LOUIS AVE","$21,000.00","26",2025,21000,NA
"247","Street Traffic Circle Menu ","W LE MOYNE ST & N HAMLIN AVE","$21,000.00","26",2025,21000,NA
"248","Viaduct Improvement Menu ","W HIRSCH ST & N MONTICELLO AVE","$6,733.80","26",2025,6733.8,NA
"249","Alley Resurfacing Menu ","W GLADYS AVE & S CALIFORNIA AVE&S WASHTENAW AVE & W VAN BUREN ST","$35,858.86","27",2025,35858.86,NA
"250","Miscellaneous CDOT Projects ","100 N HERMITAGE AVE","$660.00","27",2025,660,NA
"251","Miscellaneous CDOT Projects ","2700 W MONROE ST","$660.00","27",2025,660,NA
"252","Street Bump Outs Menu ","W WASHINGTON BLVD & N DAMEN AVE","$2,361.51","27",2025,2361.51,NA
"253","Street Light Upgrade Menu ","731 N SPAULDING AVE","$500.00","27",2025,500,NA
"254","Miscellaneous CDOT Projects ","1101 S DESPLAINES ST","$660.00","28",2025,660,NA
"255","Sidewalk Menu ","440 N KILBOURN AVE","$42,000.00","28",2025,42000,NA
"256","Street Cul-de-Sac Menu ","2440 W WASHBURNE AVE","$36,660.41","28",2025,36660.41,NA
"257","Street Speed Hump Menu ","ON W POLK ST FROM S OAKLEY BLVD (2300 W) TO S WESTERN AVE (2400 W)","$1,632.92","28",2025,1632.92,NA
"258","Alley Speed Hump Menu ","852 N WALLER AVE","$725.00","29",2025,725,NA
"259","Sidewalk Menu ","5837-5839 W ARTHINGTON ST","$26,311.10","29",2025,26311.1,NA
"260","Street Resurfacing Menu ","ON N MASON AVE FROM W HIRSCH ST (1400 N) TO W LE MOYNE ST (1500 N)","$52,993.90","29",2025,52993.9,NA
"261","Street Resurfacing Menu ","ON N MASON AVE FROM W MADISON ST (0 S) TO W WASHINGTON BLVD (100 N)","$9,684.86","29",2025,9684.86,NA
"262","Street Resurfacing Menu ","ON N MASON AVE FROM W WASHINGTON BLVD (100 N) TO W FULTON ST (300 N)","$61,771.06","29",2025,61771.06,NA
"263","Street Resurfacing Menu ","ON N MENARD AVE FROM W AUGUSTA BLVD (1000 N) TO W THOMAS ST (1100 N)","$55,706.99","29",2025,55706.99,NA
"264","Street Resurfacing Menu ","ON N MENARD AVE FROM W LE MOYNE ST (1500 N) TO W NORTH AVE (1600 N)","$41,367.47","29",2025,41367.47,NA
"265","Street Resurfacing Menu ","ON N MONITOR AVE FROM W AUGUSTA BLVD (1000 N) TO W DIVISION ST (1200 N)","$101,605.27","29",2025,101605.27,NA
"266","Street Resurfacing Menu ","ON N MOODY AVE FROM W WABANSIA AVE (1700 N) TO W BLOOMINGDALE AVE (1800 N)","$55,342.66","29",2025,55342.66,NA
"267","Street Resurfacing Menu ","ON N NATOMA AVE FROM W BLOOMINGDALE AVE (1800 N) TO W CORTLAND ST (1900 N)","$66,211.86","29",2025,66211.86,NA
"268","Street Resurfacing Menu ","ON N OKETO AVE FROM W BARRY AVE (3100 N) TO W BELMONT AVE (3200 N)","$56,779.64","29",2025,56779.64,NA
"269","Street Resurfacing Menu ","ON W CONGRESS PKWY FROM S LAVERGNE AVE (5000 W) TO S LEAMINGTON AVE (5100 W)","$105,439.45","29",2025,105439.45,NA
"270","Street Resurfacing Menu ","ON W OHIO ST FROM N MAYFIELD AVE (5900 W) TO N AUSTIN BLVD (6000 W)","$58,630.92","29",2025,58630.92,NA
"271","Street Resurfacing Menu ","ON W SUPERIOR ST FROM N AUSTIN BLVD (6000 W) TO N MAYFIELD AVE (5900 W)","$22,636.17","29",2025,22636.17,NA
"272","Street Speed Hump Menu ","ON N NORDICA AVE FROM W ALTGELD ST (2500 N) TO W WRIGHTWOOD AVE (2600 N)","$4,880.00","29",2025,4880,NA
"273","Street Speed Hump Menu ","ON S LAVERGNE AVE FROM W CONGRESS PKWY (500 S) TO W HARRISON ST (600 S)","$2,440.00","29",2025,2440,NA
"274","Alley Apron Menu ","2951 N LONG AVE","$16,423.46","31",2025,16423.46,NA
"275","Alley Resurfacing Menu ","$4,761.23","$4,761.23","31",2025,4761.23,NA
"276","Alley Resurfacing Menu ","2800 N LONG AVE; N LONG AVE & W DIVERSEY AVE&W GEORGE ST & N LOTUS AVE","$40,104.20","31",2025,40104.2,NA
"277","Alley Resurfacing Menu ","$46,655.10","$46,655.10","31",2025,46655.1,NA
"278","Sidewalk Menu ","$107,161.38","$107,161.38","31",2025,107161.38,NA
"279","Sidewalk Menu ","$198,511.25","$198,511.25","31",2025,198511.25,NA
"280","Sidewalk Menu ","3111 N KOSTNER AVE","$5,715.44","31",2025,5715.44,NA
"281","Street Resurfacing Menu ","ON N KILBOURN AVE FROM W BELDEN AVE (2300 N) TO W FULLERTON AVE (2400 N)","$66,203.83","31",2025,66203.83,NA
"282","Street Resurfacing Menu ","ON N KNOX AVE FROM W BARRY AVE (3100 N) TO W BELMONT AVE (3200 N)","$52,817.74","31",2025,52817.74,NA
"283","Street Resurfacing Menu ","ON N LOREL AVE FROM W FULLERTON AVE (2400 N) TO W ALTGELD ST (2500 N)","$48,231.62","31",2025,48231.62,NA
"284","Street Resurfacing Menu ","ON W BELDEN AVE FROM N KOSTNER AVE (4400 W) TO N KENNETH AVE (4430 W)","$39,592.99","31",2025,39592.99,NA
"285","Street Resurfacing Menu ","ON W DEMING PL FROM N LAVERGNE AVE (5000 W) TO N LECLAIRE AVE (5100 W)","$56,131.32","31",2025,56131.32,NA
"286","Street Speed Hump Menu ","$4,880.00","$4,880.00","31",2025,4880,NA
"287","Street Speed Hump Menu ","$2,440.00","$2,440.00","31",2025,2440,NA
"288","Street Speed Hump Menu ","$2,440.00","$2,440.00","31",2025,2440,NA
"289","Street Speed Hump Menu ","$4,880.00","$4,880.00","31",2025,4880,NA
"290","Street Speed Hump Menu ","$4,880.00","$4,880.00","31",2025,4880,NA
"291","Street Speed Hump Menu ","$4,880.00","$4,880.00","31",2025,4880,NA
"292","Street Speed Hump Menu ","$4,880.00","$4,880.00","31",2025,4880,NA
"293","Street Speed Hump Menu ","$4,880.00","$4,880.00","31",2025,4880,NA
"294","Street Speed Hump Menu ","ON N LAMON AVE FROM W DIVERSEY AVE (2800 N) TO W ROSCOE ST (3400 N)","$21,960.00","31",2025,21960,NA
"295","Street Speed Hump Menu ","ON W DRUMMOND PL FROM N LAVERGNE AVE (5000 W) TO N LARAMIE AVE (5200 W)","$4,880.00","31",2025,4880,NA
"296","Street Speed Hump Menu ","ON W GEORGE ST FROM N KILDARE AVE (4310 W) TO N KOSTNER AVE (4400 W)","$4,880.00","31",2025,4880,NA
"297","Street Speed Hump Menu ","ON W MEDILL AVE FROM N CICERO AVE (4800 W) TO N LAMON AVE (4900 W)","$4,880.00","31",2025,4880,NA
"298","Street Speed Hump Menu ","ON W NEWPORT AVE FROM N CICERO AVE (4800 W) TO N LAVERGNE AVE (5000 W)","$12,200.00","31",2025,12200,NA
"299","Street Speed Hump Menu ","ON W PARKER AVE FROM N CICERO AVE (4800 W) TO N LAMON AVE (4900 W)","$4,880.00","31",2025,4880,NA
"300","Arterial Street Bump Outs Menu ","$132,531.97","$132,531.97","32",2025,132531.97,NA
"301","Pavement Markings Menu ","1901 N DAMEN AVE","$3,100.00","32",2025,3100,NA
"302","Sidewalk Menu ","N LAKEWOOD AVE & W WRIGHTWOOD AVE","$30,000.00","32",2025,30000,NA
"303","Street Speed Hump Menu ","$2,440.00","$2,440.00","32",2025,2440,NA
"304","Arterial Street Bump Outs Menu ","S JEFFERSON ST & W TILDEN ST","$91,257.62","34",2025,91257.62,NA
"305","Arterial Street Bump Outs Menu ","W VAN BUREN ST & S ABERDEEN ST","$39,599.33","34",2025,39599.33,NA
"306","Pavement Markings Menu ","ON S JEFFERSON ST FROM W VAN BUREN ST (400 S) TO W POLK ST (800 S)","$5,000.00","34",2025,5000,NA
"307","Street Bump Outs Menu ","S FINANCIAL PL & W POLK ST; S LA SALLE ST & W POLK ST","$30,810.24","34",2025,30810.24,NA
"308","Street Bump Outs Menu ","W MONROE ST & S GREEN ST","$20,000.00","34",2025,20000,NA
"309","Street Bump Outs Menu ","W MONROE ST & S LAFLIN ST","$1,975.12","34",2025,1975.12,NA
"310","Street Speed Hump Menu ","ON S GREEN ST FROM W JACKSON BLVD (300 S) TO W VAN BUREN ST (400 S)","$2,440.00","34",2025,2440,NA
"311","Alley Speed Hump Menu ","N MILWAUKEE AVE & N SAWYER AVE; W DIVERSEY AVE & N SPAULDING AVE","$2,175.00","35",2025,2175,NA
"312","Arterial Street Bump Outs Menu ","ON N CENTRAL PARK AVE FROM W BARRY AVE (3100 N) TO W BELMONT AVE (3200 N)","$59,327.06","35",2025,59327.06,NA
"313","Logan Square Skate Park","W LOGAN BLVD & N KENNEDY WESTERN AV ER","$50,000.00","35",2025,50000,NA
"314","Miscellaneous CDOT Projects ","2559 N KIMBALL AVE","$660.00","35",2025,660,NA
"315","Miscellaneous CDOT Projects ","2934 N MILWAUKEE AVE","$101.00","35",2025,101,NA
"316","Pavement Markings Menu ","N ELSTON AVE & N CENTRAL PARK AVE","$5,000.00","35",2025,5000,NA
"317","Sidewalk Menu ","2628 N SPRINGFIELD AVE","$1,058.60","35",2025,1058.6,NA
"318","Sidewalk Menu ","$2,035.80","$2,035.80","35",2025,2035.8,NA
"319","Street Bump Outs Menu ","N DRAKE AVE & W MELROSE ST","$10,000.00","35",2025,10000,NA
"320","Street Bump Outs Menu ","N DRAKE AVE & W SCHOOL ST","$12,000.00","35",2025,12000,NA
"321","Street Resurfacing Menu ","ON N DRAKE AVE FROM W BELMONT AVE (3200 N) TO W SCHOOL ST (3300 N)","$49,315.76","35",2025,49315.76,NA
"322","Street Speed Hump Menu ","ON N FAIRFIELD AVE FROM W GEORGE ST (2900 N) TO W WELLINGTON AVE (3000 N)","$4,880.00","35",2025,4880,NA
"323","Alley Apron Menu ","6520 W GEORGE ST; 6517 W GEORGE ST","$17,760.28","36",2025,17760.28,NA
"324","Alley Resurfacing Menu ","$28,014.63","$28,014.63","36",2025,28014.63,NA
"325","Alley Resurfacing Menu ","$56,279.44","$56,279.44","36",2025,56279.44,NA
"326","Curb & Gutter Menu ","2846 N NATOMA AVE","$17,946.30","36",2025,17946.3,NA
"327","Sidewalk Menu ","2316 W HURON ST","$6,713.88","36",2025,6713.88,NA
"328","Sidewalk Menu ","3120-3124 N NEW ENGLAND AVE","$483.43","36",2025,483.43,NA
"329","Sidewalk Menu ","3142 N RUTHERFORD AVE","$9,377.80","36",2025,9377.8,NA
"330","Street Resurfacing Menu ","ON W OHIO ST FROM N DAMEN AVE (2000 W) TO N HOYNE AVE (2100 W)","$71,695.49","36",2025,71695.49,NA
"331","Street Resurfacing Menu ","ON W OHIO ST FROM N OAKLEY BLVD (2300 W) TO N WESTERN AVE (2400 W)","$59,816.96","36",2025,59816.96,NA
"332","Alley Resurfacing Menu ","N KEDVALE AVE & W DIVISION ST&W THOMAS ST & N KEELER AVE; 1118 N KEDVALE AVE","$35,184.16","37",2025,35184.16,NA
"333","Street Resurfacing Menu ","ON N KEELER AVE FROM W THOMAS ST (1100 N) TO W POTOMAC AVE (1300 N)","$148,993.80","37",2025,148993.8,NA
"334","Street Resurfacing Menu ","$59,572.77","$59,572.77","37",2025,59572.77,NA
"335","Street Speed Hump Menu ","ON W IOWA ST FROM N KARLOV AVE (4100 W) TO N KEELER AVE (4200 W)","$4,880.00","37",2025,4880,NA
"336","Street Light Upgrade Menu ","5942 N KIMBALL AVE","$500.00","39",2025,500,NA
"337","Street Resurfacing Menu ","ON N LENOX AVE FROM N HIAWATHA AVE (6300 N) TO W DEVON AVE (6400 N)","$29,050.74","39",2025,29050.74,NA
"338","Alley Speed Hump Menu ","$725.00","$725.00","40",2025,725,NA
"339","Concrete Alley Menu ","W LAWRENCE AVE & N ROCKWELL ST&N TALMAN AVE & W LELAND AVE","$147,706.97","40",2025,147706.97,NA
"340","In-Road State Law Stop For Pedestrians Signs","W DEVON AVE & N HERMITAGE AVE","$350.00","40",2025,350,NA
"341","In-Road State Law Stop For Pedestrians Signs","W DEVON AVE & N RAVENSWOOD AVE","$350.00","40",2025,350,NA
"342","In-Road State Law Stop For Pedestrians Signs","W BERWYN AVE & N WESTERN AVE","$207,867.42","40",2025,207867.42,NA
"343","Miscellaneous CDOT Projects ","$54,400.00","$54,400.00","40",2025,54400,NA
"344","Miscellaneous CDOT Projects ","W FOSTER AVE & N PAULINA ST","$70,000.00","40",2025,70000,NA
"345","Pavement Markings Menu ","N CALIFORNIA AVE & W WINNEMAC AVE","$1,000.00","40",2025,1000,NA
"346","Pavement Markings Menu ","ON W FOSTER AVE FROM N RAVENSWOOD AVE (1800 W) TO N DAMEN AVE (2000 W)","$3,750.00","40",2025,3750,NA
"347","Sidewalk Menu ","ON N RAVENSWOOD AVE FROM W GRANVILLE AVE (6199 N) TO W THOME AVE (6300 N)","$18,615.20","40",2025,18615.2,NA
"348","Speed Indicator Signs ","W DEVON AVE & N RAVENSWOOD AVE","$38,000.00","40",2025,38000,NA
"349","Street Bump Outs Menu ","N HOYNE AVE & W ARGYLE ST","$20,000.00","40",2025,20000,NA
"350","Street Bump Outs Menu ","N RAVENSWOOD AVE & W DEVON AVE","$20,000.00","40",2025,20000,NA
"351","Street Bump Outs Menu ","N WASHTENAW AVE & W LELAND AVE","$48,000.00","40",2025,48000,NA
"352","Street Speed Hump Menu ","ON N MANOR AVE FROM W MONTROSE AVE (4400 N) TO W SUNNYSIDE AVE (4500 N)","$4,880.00","40",2025,4880,NA
"353","Street Speed Hump Menu ","$2,440.00","$2,440.00","40",2025,2440,NA
"354","Street Resurfacing Menu ","ON W BERWYN AVE FROM N NORDICA AVE (7000 W) TO N MONT CLARE AVE (7100 W)","$39,834.05","41",2025,39834.05,NA
"355","Street Speed Hump Menu ","$647.57","$647.57","41",2025,647.57,NA
"356","Arterial Street Bump Outs Menu ","N HALSTED ST & W DICKENS AVE","$120,000.00","43",2025,120000,NA
"357","Arterial Street Bump Outs Menu ","N SHEFFIELD AVE & W MONTANA ST","$3,710.45","43",2025,3710.45,NA
"358","Miscellaneous CDOT Projects ","2400 N LINCOLN AVE","$660.00","43",2025,660,NA
"359","Pavement Markings Menu ","ON N SHEFFIELD AVE FROM 2720 N TO N LINCOLN AVE (2600 N)","$3,000.00","43",2025,3000,NA
"360","Sidewalk Menu ","2121-2127 N BISSELL ST","$10,630.31","43",2025,10630.31,NA
"361","Street Bump Outs Menu ","N SHEFFIELD AVE & W SCHUBERT AVE","$32,000.00","43",2025,32000,NA
"362","Street Bump Outs Menu ","W BELDEN AVE & N COMMONWEALTH AVE","$24,000.00","43",2025,24000,NA
"363","Street Resurfacing Menu ","ON W GUNNISON ST FROM N MASON AVE (5930 W) TO N AUSTIN AVE (5999 W)","$33,328.31","45",2025,33328.31,NA
"364","Street Speed Hump Menu ","ON N NORTHWEST HWY FROM N LONG AVE (5000 N) TO W CARMEN AVE (5099 N)","$75.00","45",2025,75,NA
"365","Street Speed Hump Menu ","ON W BYRON ST FROM N KILPATRICK AVE (4700 W) TO N CICERO AVE (4800 W)","$4,880.00","45",2025,4880,NA
"366","Sidewalk Menu ","4840 N SHERIDAN RD; 4835 N SHERIDAN RD; 4878 N SHERIDAN RD; 4855 N SHERIDAN RD","$84,261.68","46",2025,84261.68,NA
"367","Sidewalk Menu ","4857 N KENMORE AVE; 4883 N KENMORE AVE; 4827 N KENMORE AVE; 4869 N KENMORE AVE","$26,139.41","46",2025,26139.41,NA
"368","Street Speed Hump Menu ","ON W SUNNYSIDE AVE FROM N CLARENDON AVE (800 W) TO N HAZEL ST (900 W)","$4,880.00","46",2025,4880,NA
"369","Left-Turn Arrow Menu ","N WESTERN AVE & W WILSON AVE","$131,116.08","47",2025,131116.08,NA
"370","Miscellaneous CDOT Projects ","ON N RAVENSWOOD AVE W FROM W SUNNYSIDE AVE (4500 N) TO W WILSON AVE (4600 N)","$30,556.93","47",2025,30556.93,NA
"371","Street Resurfacing Menu ","ON N RAVENSWOOD AVE FROM W SUNNYSIDE AVE (4500 N) TO W WILSON AVE (4600 N)","$47,033.92","47",2025,47033.92,NA
"372","Street Resurfacing Menu ","ON N WOLCOTT AVE FROM W AINSLIE ST (4900 N) TO W ARGYLE ST (5000 N)","$47,983.09","47",2025,47983.09,NA
"373","Street Resurfacing Menu ","ON W WARNER AVE FROM N SOUTHPORT AVE (1400 W) TO N GREENVIEW AVE (1500 W)","$17,829.82","47",2025,17829.82,NA
"374","Street Resurfacing Menu ","ON W WINNEMAC AVE FROM N BROADWAY (1200 W) TO N GLENWOOD AVE (1400 W)","$124,405.62","47",2025,124405.62,NA
"375","Alley Apron Menu ","1058 W BALMORAL AVE","$10,693.05","48",2025,10693.05,NA
"376","Alley Apron Menu ","5863 N GLENWOOD AVE","$11,426.25","48",2025,11426.25,NA
"377","Arterial Street Bump Outs Menu ","W FOSTER AVE & N WAYNE AVE","$60,000.00","48",2025,60000,NA
"378","Miscellaneous CDOT Projects ","N BROADWAY & W HOLLYWOOD AVE; N BROADWAY & W THORNDALE AVE","$12,000.00","48",2025,12000,NA
"379","Miscellaneous CDOT Projects ","ON N CLARK ST FROM W FOSTER AVE (5200 N) TO W EDGEWATER AVE (5800 N)","$9,246.79","48",2025,9246.79,NA
"380","Miscellaneous CDOT Projects ","ON W ARGYLE ST FROM N SHERIDAN RD (1000 W) TO N BROADWAY (1200 W)","$52,928.78","48",2025,52928.78,NA
"381","Pavement Markings Menu ","N SHERIDAN RD & W CATALPA AVE","$2,000.00","48",2025,2000,NA
"382","Pavement Markings Menu ","ON W FOSTER AVE FROM N BROADWAY (1199 W) TO N CLARK ST (1500 W)","$3,400.00","48",2025,3400,NA
"383","Sidewalk Menu ","1126 W ARGYLE ST","$1,561.68","48",2025,1561.68,NA
"384","Sidewalk Menu ","1436 W GRANVILLE AVE","$9,522.10","48",2025,9522.1,NA
"385","Sidewalk Menu ","1439 W GREGORY ST","$5,573.16","48",2025,5573.16,NA
"386","Sidewalk Menu ","5300 N SHERIDAN RD; 1018 W BERWYN AVE","$6,671.54","48",2025,6671.54,NA
"387","Sidewalk Menu ","5509 N KENMORE AVE","$3,081.16","48",2025,3081.16,NA
"388","Sidewalk Menu ","5517 N KENMORE AVE","$26,715.01","48",2025,26715.01,NA
"389","Sidewalk Menu ","5609 N BROADWAY","$3,079.47","48",2025,3079.47,NA
"390","Street Bump Outs Menu ","W ELMDALE AVE & N MAGNOLIA AVE","$17,437.43","48",2025,17437.43,NA
"391","Street Resurfacing Menu ","ON N GLENWOOD AVE FROM W ARDMORE AVE (5850 N) TO W ROSEDALE AVE (5900 N)","$35,081.49","48",2025,35081.49,NA
"392","Street Resurfacing Menu ","ON N GLENWOOD AVE FROM W GLENLAKE AVE (6100 N) TO W HOOD AVE (6130 N)","$32,181.65","48",2025,32181.65,NA
"393","Street Resurfacing Menu ","ON N GLENWOOD AVE FROM W ROSEMONT AVE (6300 N) TO W DEVON AVE (6400 N)","$94,933.83","48",2025,94933.83,NA
"394","Street Resurfacing Menu ","ON W ARDMORE AVE FROM N SHERIDAN RD (1000 W) TO N WINTHROP AVE (1100 W)","$75,361.03","48",2025,75361.03,NA
"395","Curb & Gutter Menu ","N SHERIDAN RD & W NORTH SHORE AVE","$22,934.38","49",2025,22934.38,NA
"396","Street Speed Hump Menu ","ON W ARTHUR AVE FROM N BOSWORTH AVE (1530 W) TO N ASHLAND AVE (1600 W)","$2,440.00","49",2025,2440,NA
"397","Alley Speed Hump Menu ","N CENTRAL PARK AVE & W DEVON AVE&W ROSEMONT AVE & N DRAKE AVE","$1,450.00","50",2025,1450,NA
"398","Pavement Markings Menu ","W TOUHY AVE & N ALBANY AVE","$18,200.00","50",2025,18200,NA
"399","Street Light Upgrade Menu ","6336 N LINCOLN AVE","$1,000.00","50",2025,1000,NA
"400","Street Light Upgrade Menu ","6504 N ROCKWELL ST","$500.00","50",2025,500,NA
"401","Street Resurfacing Menu ","ON W JARLATH ST FROM 2835 W TO N CALIFORNIA AVE (2800 W)","$34,350.62","50",2025,34350.62,NA
